Annual Distance (miles/vehicle),2020.0
LDVs,7458.312647899
HDVs,27765.255133381
aircraft,1244260.218244242
rail,14813.434259319
ships,538007.227567845
motorbikes,0.0
