Annual Distance (miles/vehicle),2020.0
LDVs,8522.287508966
HDVs,13454.707078413
aircraft,1457266.430025732
rail,316097.553287982
ships,155.738863672
motorbikes,1680.21361683
