Annual Distance (miles/vehicle),2020.0
LDVs,8483.619639568
HDVs,13515.855506958
aircraft,1772038.664184136
rail,325850.471698113
ships,155.169829506
motorbikes,1672.199950189
