Annual Distance (miles/vehicle),2020.0
LDVs,7656.176714344
HDVs,27099.83908907
aircraft,1722321.954711519
rail,14991.645742729
ships,537988.481489246
motorbikes,0.0
