Annual Distance (miles/vehicle),2020.0
LDVs,8548.634375729
HDVs,7556.66585179
aircraft,1593442.525698917
rail,325850.471698113
ships,146.079016021
motorbikes,1453.260314028
