Annual Distance (miles/vehicle),2020.0
LDVs,7691.412643501
HDVs,26977.171674487
aircraft,1416381.297194598
rail,14923.593264851
ships,540756.328211567
motorbikes,0.0
