Vehicle Loading (tons),2020.0
LDVs,1.0
HDVs,16.0
aircraft,41.989116133
rail,3512.359164212
ships,1974.473642218
motorbikes,0.0
