Vehicle Loading (passengers),2020.0
LDVs,1.67
HDVs,21.196137259
aircraft,111.394163064
rail,15.34784043
ships,1.0
motorbikes,1.270075674
