Share of New Components Energy Use (dimensionless),urban residential,rural residential,commercial
heating,0.0526315789473684,0.0526315789473684,0.0526315789473684
cooling and ventilation,0.0625,0.0625,0.0625
envelope,0.0,0.0,0.0
lighting,0.1111111111111111,0.1111111111111111,0.1111111111111111
appliances,0.0714285714285714,0.0714285714285714,0.0714285714285714
other component,0.0666666666666666,0.0666666666666666,0.0666666666666666
