Share of New Components Energy Use (dimensionless),urban residential,rural residential,commercial
heating,0.05263157894736842,0.05263157894736842,0.05263157894736842
cooling and ventilation,0.0625,0.0625,0.0625
envelope,0.0,0.0,0.0
lighting,0.1111111111111111,0.1111111111111111,0.1111111111111111
appliances,0.07142857142857142,0.07142857142857142,0.07142857142857142
other component,0.06666666666666667,0.06666666666666667,0.06666666666666667
,,,
