Fuel Economy (freight ton*miles/BTU),battery electric vehicle,natural gas vehicle,gasoline vehicle,diesel vehicle,plugin hybrid vehicle,LPG vehicle,hydrogen vehicle
LDVs,0.00010150688714543495,6.674878042353842e-05,9.621565620072008e-05,6.844524137297343e-05,0.00021334965945734235,4.050061949853602e-05,0.002080262000178549
HDVs,0.002228289727670437,0.0004909586840055109,0.006527935560377017,0.0006934206667261831,0.0013400471387543073,0.0027723416471617654,0.0025188574658521696
aircraft,0.0001397619925979322,4.3492483444491975e-05,4.3492483444491975e-05,4.3492483444491975e-05,0.0,0.0,0.0001304774503334759
rail,0.011213005219530657,0.003489371,0.003489371,0.003489371,0.0,0.0,0.010468112999999998
ships,0.01555951566994701,0.00484196,0.00484196,0.00484196,0.0,0.0,0.014525879999999998
motorbikes,0.0,0.0,0.0,0.0,0.0,0.0,0.0
,,,,,,,
,,,,,,,
,,,,,,,
,,,,,,,
,,,,,,,
,,,,,,,
,,,,,,,
,,,,,,,
,,,,,,,
,,,,,,,
,,,,,,,
,,,,,,,
,,,,,,,
,,,,,,,
,,,,,,,
,,,,,,,
,,,,,,,
