,battery electric vehicle,natural gas vehicle,gasoline vehicle,diesel vehicle,plugin hybrid vehicle,nonroad vehicle
LDVs,0.001395318,0.000E+00,2.71E-04,0.000E+00,0.000891042,0
HDVs,0.002336363,0.000509936,0.000653765,6.94E-04,0.000E+00,0
aircraft,0,0,0,0,0,0.000151461
rail,0,0,0,0,0,8.817E-04
ships,0,0,0,0,0,9.798E-06
motorbikes,1.026E-03,0.000E+00,3.221E-04,0.000E+00,0.000E+00,0
