Fuel Economy (freight ton*miles/BTU),battery electric vehicle,natural gas vehicle,gasoline vehicle,diesel vehicle,plugin hybrid vehicle,LPG vehicle,hydrogen vehicle
LDVs,0.0001951134564595197,8.281724696805311e-05,9.205846170884782e-05,9.879639637031883e-05,0.0001606905549506076,7.87034981945825e-05,8.358637795389023e-05
HDVs,0.000990272094985886,0.0007598454131943292,0.0007183343404495501,0.0007040685621162297,0.0003777644559555336,0.0008833334440054451,0.000755816430462998
aircraft,0.0001397619925979322,4.3492483444491975e-05,4.3492483444491975e-05,4.3492483444491975e-05,0.0,0.0,0.0001304774503334759
rail,0.011213005219530657,0.003489371,0.003489371,0.003489371,0.0,0.0,0.010468112999999998
ships,0.01555951566994701,0.00484196,0.00484196,0.00484196,0.0,0.0,0.014525879999999998
motorbikes,0.0,0.0,0.0,0.0,0.0,0.0,0.0
,,,,,,,
,,,,,,,
,,,,,,,
,,,,,,,
,,,,,,,
,,,,,,,
,,,,,,,
,,,,,,,
,,,,,,,
,,,,,,,
,,,,,,,
,,,,,,,
,,,,,,,
,,,,,,,
,,,,,,,
,,,,,,,
,,,,,,,
