Share that is New (dimensionless),battery electric vehicle,natural gas vehicle,gasoline vehicle,diesel vehicle,plugin hybrid vehicle,LPG vehicle,hydrogen vehicle
LDVs,0.085555556,0.085555556,0.085555556,0.085555556,0.085555556,0.085555556,0.085555556
HDVs,0.04,0.04,0.04,0.04,0.04,0.04,0.04
aircraft,0.065555556,0.065555556,0.065555556,0.065555556,0.065555556,0.065555556,0.065555556
rail,0.029411766,0.029411766,0.029411766,0.029411766,0.029411766,0.029411766,0.029411766
ships,0.03030303,0.03030303,0.03030303,0.03030303,0.03030303,0.03030303,0.03030303
motorbikes,0.04,0.04,0.04,0.04,0.04,0.04,0.04
