Share that is New (dimensionless),battery electric vehicle,natural gas vehicle,gasoline vehicle,diesel vehicle,plugin hybrid vehicle,LPG vehicle,hydrogen vehicle
LDVs,0.075,0.075,0.075,0.075,0.075,0.075,0.075
HDVs,0.035,0.035,0.035,0.035,0.035,0.035,0.035
aircraft,0.065555556,0.065555556,0.065555556,0.065555556,0.065555556,0.065555556,0.065555556
rail,0.029411766,0.029411766,0.029411766,0.029411766,0.029411766,0.029411766,0.029411766
ships,0.03030303,0.03030303,0.03030303,0.03030303,0.03030303,0.03030303,0.03030303
motorbikes,0.035,0.035,0.035,0.035,0.035,0.035,0.035
