Unit: dimensionless (MW-peak/MW-avg),summer,winter
LDVs,2.499520093,1.821331177
HDVs,0.641355223,0.609159083
aircraft,0.831602543,0.793388769
rail,0.831602543,0.793388769
ships,0.831602543,0.793388769
motorbikes,2.499520093,1.821331177
