Unit: dimensionless,Year2020,Year2021,Year2022,Year2023,Year2024,Year2025,Year2026,Year2027,Year2028,Year2029,Year2030,Year2031,Year2032,Year2033,Year2034,Year2035,Year2036,Year2037,Year2038,Year2039,Year2040,Year2041,Year2042,Year2043,Year2044,Year2045,Year2046,Year2047,Year2048,Year2049,Year2050,Year2051,Year2052,Year2053,Year2054,Year2055,Year2056,Year2057,Year2058,Year2059,Year2060,Year2061,Year2062,Year2063,Year2064,Year2065,Year2066,Year2067,Year2068,Year2069,Year2070,Year2071,Year2072,Year2073,Year2074,Year2075,Year2076,Year2077,Year2078,Year2079,Year2080,Year2081,Year2082,Year2083,Year2084,Year2085,Year2086,Year2087,Year2088,Year2089,Year2090,Year2091,Year2092,Year2093,Year2094,Year2095,Year2096,Year2097,Year2098,Year2099,Year2100
RPS Fraction (dimensionless),0.23747963704335912,0.2550707212687931,0.27266180549422714,0.2902528897196611,0.3144406305296329,0.33862837133960466,0.3628161121495764,0.38700385295954814,0.4104586319267935,0.43391341089403884,0.4573681898612842,0.48082296882852954,0.5042777477957748,0.5277325267630202,0.5511873057302655,0.5746420846975109,0.5980968636647562,0.6215516426320016,0.6450064215992469,0.6684612005664923,0.6919159795337376,0.715370758500983,0.7388255374682283,0.7622803164354737,0.785735095402719,0.8091898743699644,0.8326446533372097,0.8560994323044551,0.8795542112717004,0.8795542112717004,0.8795542112717004,0.8795542112717004,0.8795542112717004,0.8795542112717004,0.8795542112717004,0.8795542112717004,0.8795542112717004,0.8795542112717004,0.8795542112717004,0.8795542112717004,0.8795542112717004,0.8795542112717004,0.8795542112717004,0.8795542112717004,0.8795542112717004,0.8795542112717004,0.8795542112717004,0.8795542112717004,0.8795542112717004,0.8795542112717004,0.8795542112717004,0.8795542112717004,0.8795542112717004,0.8795542112717004,0.8795542112717004,0.8795542112717004,0.8795542112717004,0.8795542112717004,0.8795542112717004,0.8795542112717004,0.8795542112717004,0.8795542112717004,0.8795542112717004,0.8795542112717004,0.8795542112717004,0.8795542112717004,0.8795542112717004,0.8795542112717004,0.8795542112717004,0.8795542112717004,0.8795542112717004,0.8795542112717004,0.8795542112717004,0.8795542112717004,0.8795542112717004,0.8795542112717004,0.8795542112717004,0.8795542112717004,0.8795542112717004,0.8795542112717004,0.8795542112717004
