,Urban Residential,Rural Residential,Commercial
heating,-0.195121951,-0.195121951,-0.193458312
cooling and ventilation,-0.161211019,-0.161211019,-0.154557285
envelope,-0.1175,-0.1175,-0.1175
lighting,-0.426959047,-0.426959047,-0.664678341
appliances,-0.171543651,-0.171543651,-0.276180114
other,-0.426428571,-0.426428571,-0.4125
