$/year,battery electric vehicle,natural gas vehicle,gasoline vehicle,diesel vehicle,plugin hybrid vehicle,LPG vehicle,hydrogen vehicle
LDVs,344.7232678,656.3136243,656.3136243,656.3136243,656.3136243,656.3136243,344.7232678
HDVs,17878.57143,15000,15000,15000,15000,15000,11785.71429
aircraft,0,2279318.975,2279318.975,2279318.975,2279318.975,2279318.975,0
rail,243411.8062,333211.9673,333211.9673,333211.9673,333211.9673,333211.9673,243411.8062
ships,0,1695890,1695890,1695890,1695890,1695890,0
motorbikes,17878.57143,15000,15000,15000,15000,15000,11785.71429
