$/year,battery electric vehicle,natural gas vehicle,gasoline vehicle,diesel vehicle,plugin hybrid vehicle,LPG vehicle,hydrogen vehicle
LDVs,692.5052205221763,1146.6070044711444,1146.6070044711444,1146.6070044711444,1021.7290138851781,1146.6070044711444,692.5052205221763
HDVs,1950.9181132216977,2482.986689554888,2482.986689554888,2482.986689554888,2482.986689554888,2482.986689554888,1950.9181132216977
aircraft,0.0,2279318.9754813975,2279318.9754813975,2279318.9754813975,2279318.9754813975,2279318.9754813975,0.0
rail,243411.80622207024,333211.9673354555,333211.9673354555,333211.9673354555,333211.9673354555,333211.9673354555,243411.80622207024
ships,0.0,3000.0,3000.0,3000.0,3000.0,3000.0,0.0
motorbikes,552.2175135233857,914.3273584567535,914.3273584567535,914.3273584567535,914.3273584567535,914.3273584567535,552.2175135233857
,,,,,,,
,,,,,,,
