,battery electric vehicle,natural gas vehicle,gasoline vehicle,diesel vehicle,plugin hybrid vehicle,nonroad vehicle
LDVs,8309.880031,8309.880031,8309.880031,8309.880031,8309.880031,0
HDVs,35160.15238,35160.15238,35160.15238,35160.15238,35160.15238,0
aircraft,0,0,0,0,0,1
rail,0,0,0,0,0,1
ships,0,0,0,0,0,1
motorbikes,4633.165465,0,4633.165465,0,0,0
