solar pv dist,Hour0,Hour1,Hour2,Hour3,Hour4,Hour5,Hour6,Hour7,Hour8,Hour9,Hour10,Hour11,Hour12,Hour13,Hour14,Hour15,Hour16,Hour17,Hour18,Hour19,Hour20,Hour21,Hour22,Hour23
Winter,0,0,0,0,0.0,3.997265870144821e-07,0.0805334484545904,0.24955750266817495,0.3366913031486464,0.33685425835395233,0.3257062835687058,0.3190036681576468,0.3221613083317677,0.4647102715076221,0.407354369611186,0.17361178287384765,0.014648580371026211,0.0,0.0,0,0,0,0,0
Spring,0,0,0,0,0.0018497347814095159,0.011523034910787686,0.34517898091039073,0.44130464762102717,0.47514983084903245,0.48024143152750176,0.4786040514954437,0.46988693067275306,0.4655569756952911,0.5766846310456981,0.5494993924155877,0.4675060591888482,0.2570143688383812,0.11691478029028146,0.00011092412789651877,0,0,0,0,0
Summer,0,0,0,0,0.004527022290699523,0.021395545523490284,0.4187180795921797,0.47320852077408937,0.49553118693633463,0.49886152967155917,0.49837604182187667,0.4923412156200102,0.4856355302781324,0.5794341957457424,0.5752204993700017,0.5261126064101654,0.39012554876066297,0.1965686849505283,0.005982341028927783,0,0,0,0,0
Fall,0,0,0,0,0.0,0.0,0.2945986693735365,0.4190903149022025,0.44356455266564876,0.43436858041558585,0.42254411097563366,0.41539386513176896,0.4211514897580546,0.5636030255851445,0.5345564235156047,0.3504382838204243,0.09175839026652222,0.02825860554004012,0.0,0,0,0,0,0
Summer Peak,0,0,0,0,0.0007967883301155344,0.01495510404216849,0.36946461953357235,0.4354371609818884,0.45810732125892556,0.47175998283840526,0.4706873831632497,0.4747479390763385,0.47489350617510956,0.579717140142809,0.5636587907204805,0.4905534614323802,0.29307253838374553,0.06900646624375595,0.0,0,0,0,0,0
Winter Peak,0,0,0,0,0.0,0.0,0.04014587355582115,0.25816708038368424,0.41476663295639116,0.28887407679813676,0.325227544359658,0.32033189298519815,0.32770218503876686,0.32648401826484014,0.28288284146976805,0.22028898899819194,0.03312034568355245,0.0,0.0,0,0,0,0,0
