solar pv,Hour0,Hour1,Hour2,Hour3,Hour4,Hour5,Hour6,Hour7,Hour8,Hour9,Hour10,Hour11,Hour12,Hour13,Hour14,Hour15,Hour16,Hour17,Hour18,Hour19,Hour20,Hour21,Hour22,Hour23
Winter,0,0,0,0,0.0,5.705628214478754e-05,0.05490348113353957,0.326605604973208,0.48416055543122194,0.49963161354258184,0.48608718837150106,0.46990828590973804,0.47847069799175734,0.48780616675930716,0.45251326542411996,0.2360263210790821,0.021561428276468175,0.0,0.0,0,0,0,0,0
Spring,0,0,0,0,0.004786493372053037,0.17336980785580805,0.47899195458583,0.6680984787167792,0.7225240728875351,0.7311409338409554,0.7291544296975906,0.7189866104611056,0.7176940925958203,0.7156904011947888,0.6986645052618886,0.6258407411996274,0.38044369266377626,0.07736778627956427,4.547179981178513e-05,0,0,0,0,0
Summer,0,0,0,0,0.017102179522989924,0.2970649203288769,0.590201124027883,0.6944066391921999,0.7296441605045286,0.7374157274756269,0.7332371399458054,0.7251039804925332,0.717842077648024,0.711297110610191,0.6995759805824794,0.6558119845113994,0.5260556671670455,0.21183261111707988,0.0020927522682033075,0,0,0,0,0
Fall,0,0,0,0,8.16433564146025e-07,0.040299841087551254,0.3630564398335786,0.602511709704614,0.6487427365272952,0.6411524217175597,0.6254377765110073,0.616558381139616,0.6222818525688011,0.6311089281559568,0.6067785956192324,0.44447255557282705,0.12907297574558035,0.0020866681176965485,0.0,0,0,0,0,0
Summer Peak,0,0,0,0,0.0005644277373462853,0.1816585771425313,0.514637740545231,0.6510922962526466,0.6965121282932183,0.7131876477686402,0.7079376397705296,0.6993176661641455,0.6832895785050913,0.6791227737382114,0.63926006478813,0.5695905910614234,0.3983697768558473,0.08790962009168393,0.0,0,0,0,0,0
Winter Peak,0,0,0,0,0.0,0.0,0.005843487163114484,0.25791857474354596,0.4994230928605878,0.5572976869583375,0.5152893225655499,0.43044670319371087,0.41968937455252286,0.3919494113435334,0.37428199312380434,0.31383012237243685,0.03169925777831564,0.0,0.0,0,0,0,0,0
