solar pv,Hour0,Hour1,Hour2,Hour3,Hour4,Hour5,Hour6,Hour7,Hour8,Hour9,Hour10,Hour11,Hour12,Hour13,Hour14,Hour15,Hour16,Hour17,Hour18,Hour19,Hour20,Hour21,Hour22,Hour23
Winter,0,0,0,0,0.0,6.807809215990988e-05,0.06550942522024186,0.3896974292661734,0.5776879543114616,0.5961476239626272,0.5799867633108597,0.5606825119395019,0.5708989623796413,0.5820378042253201,0.5399272197398047,0.2816205514024045,0.025726543092657254,0.0,0.0,0,0,0,0,0
Spring,0,0,0,0,0.005711121101065178,0.20686040718536058,0.5715209123756153,0.7971579657180947,0.8620971884738323,0.8723786059105215,0.8700083601275094,0.8578763790550278,0.8563341798958198,0.8539434267178737,0.8336285644651306,0.746737117372918,0.4539356543613684,0.09231325783167185,5.425578502307808e-05,0,0,0,0,0
Summer,0,0,0,0,0.020405881875494695,0.35445024217150334,0.704212840445709,0.8285481879000882,0.8705926943630222,0.8798655287047823,0.8748797452597348,0.8651754680443697,0.8565107518637698,0.8487014650957593,0.8347161134350967,0.7824980360242274,0.62767612687699,0.25275323732989463,0.002497018319929575,0,0,0,0,0
Fall,0,0,0,0,9.74147584333174e-07,0.04808473655233908,0.4331896303288511,0.7189015154651611,0.7740631906807848,0.7650066217682044,0.7462563102439248,0.7356616434746481,0.7424907427566851,0.7530229829015992,0.7239926542777827,0.5303332510178623,0.1540065634817074,0.00248975886762487,0.0,0,0,0,0,0
Summer Peak,0,0,0,0,0.0024719969100038624,0.28675758386071243,0.681188658129562,0.819827475215656,0.8671866179398044,0.873331946796605,0.8675788097572569,0.8619177783720077,0.8578393796238523,0.8515098394588547,0.828563646987749,0.7591902625506333,0.5888324370363768,0.21082389993166353,0.0011131909162036624,0,0,0,0,0
Winter Peak,0,0,0,0,0.0,3.07018846995672e-05,0.08768656346871873,0.472923908845114,0.6964791870933238,0.7245426904754831,0.7030117558506896,0.6606976260510443,0.6792286894256766,0.704678571074863,0.7002951342464667,0.5338354577056779,0.12627090946905548,0.0,0.0,0,0,0,0,0
