solar pv,Hour0,Hour1,Hour2,Hour3,Hour4,Hour5,Hour6,Hour7,Hour8,Hour9,Hour10,Hour11,Hour12,Hour13,Hour14,Hour15,Hour16,Hour17,Hour18,Hour19,Hour20,Hour21,Hour22,Hour23
Winter,0,0,0,0,0.0,6.138441319652678e-05,0.059068306681401894,0.351380998802225,0.5208876300883397,0.5375322796868757,0.5229604120509643,0.505554222996112,0.5147661558708799,0.5248097873636638,0.48683966458269146,0.2539306220760842,0.023197018324316324,0.0,0.0,0,0,0,0,0
Spring,0,0,0,0,0.005149583461588768,0.1865211598298227,0.5153269535420422,0.7187785732244444,0.7773327417657147,0.7866032538520001,0.7844660590231559,0.7735269372672703,0.7721363725875523,0.7699806867234238,0.7516632536258016,0.6733152811382075,0.40930309425391054,0.0832366916062584,4.892116421734582e-05,0,0,0,0,0
Summer,0,0,0,0,0.018399503348927888,0.31959943988967016,0.6349721416205505,0.7470823976651206,0.7849929394485553,0.793354035899386,0.7888584723283577,0.780108353994219,0.7722955833746893,0.7652541333203645,0.7526438709319835,0.7055600597025523,0.5659607886089111,0.22790164449048197,0.002251502641258169,0,0,0,0,0
Fall,0,0,0,0,8.783659461350147e-07,0.04335687507284611,0.3905968927286708,0.6482165741258804,0.6979545582059109,0.6897884632018557,0.672881748667811,0.6633287870319712,0.6694864251030264,0.6789830981211515,0.6528071341518688,0.4781890088204979,0.13886409309962033,0.002244956963996741,0.0,0,0,0,0,0
Summer Peak,0,0,0,0,0.0006072436574280068,0.1954386921270683,0.5536767297944495,0.7004823490045631,0.7493476033199461,0.7672880813754296,0.7616398223559705,0.7523659614995148,0.7351220276393166,0.7306391406388921,0.6877525573330392,0.6127981508827159,0.4285890013911729,0.09457819964441205,0.0,0,0,0,0,0
Winter Peak,0,0,0,0,0.0,0.0,0.006286757865137013,0.27748356128324203,0.5373079412052505,0.5995727412260855,0.5543777390166275,0.46309919424603374,0.4515258445397588,0.42168160478792943,0.40267398530505416,0.33763640358375757,0.034103875407611145,0.0,0.0,0,0,0,0,0
