solar thermal,Hour0,Hour1,Hour2,Hour3,Hour4,Hour5,Hour6,Hour7,Hour8,Hour9,Hour10,Hour11,Hour12,Hour13,Hour14,Hour15,Hour16,Hour17,Hour18,Hour19,Hour20,Hour21,Hour22,Hour23
Winter,0,0,0,0,0.0,0.0,0.07731247690602291,0.37565634267198494,0.4968990118146417,0.49484779292637426,0.4823472007731153,0.47045202611159015,0.4819170606459682,0.4944043885662312,0.4509602357243694,0.2145025438903995,0.014457066520128478,0.0,0,0,0,0,0,0
Spring,0,0,0,0,0.005782968724833487,0.18325603759462614,0.4792343695225826,0.6349683079575924,0.6787769903455335,0.6827254682747971,0.6803852785962652,0.6730046803793572,0.6731373227093146,0.6743168920007202,0.6567595478791437,0.5758382521530694,0.3156532161027788,0.0414969160658285,0,0,0,0,0,0
Summer,0,0,0,0,0.02120387833975799,0.27947640910422983,0.5223748443930138,0.6070839062926588,0.6393261747857821,0.6497020611507281,0.6459111368264439,0.6380111861698267,0.6273798163023521,0.617766623334661,0.6002948079239964,0.5534373802421083,0.4117066548442929,0.12679120235044827,0,0,0,0,0,0
Fall,0,0,0,0,0.0,0.05097363974436376,0.35983588695704977,0.5485926788578531,0.583949858714174,0.5768677057396698,0.5674653215636823,0.5625640787485399,0.5672349059940197,0.571141253675039,0.531047158386591,0.36566950905408163,0.08151352664425623,0.0,0,0,0,0,0,0
Summer Peak,0,0,0,0,0.0,0.0,0.0,0.0,0.0,0.0,0.0,0.0,0.0,0.0,0.0,0.0,0.26149487905861846,0.015798648943124865,0,0,0,0,0,0
Winter Peak,0,0,0,0,0.0,0.0,0.0033776421878404885,0.2217258662017869,0.378186968838527,0.4755938112878623,0.5161255175419481,0.46339071693179346,0.4555458705600349,0.3563957289169754,0.28154281978644585,0.19350621050337766,0.0,0.0,0,0,0,0,0,0
