Unit: dimensionless (ratio of electricity demand in this hour to annual demand),Hour0,Hour1,Hour2,Hour3,Hour4,Hour5,Hour6,Hour7,Hour8,Hour9,Hour10,Hour11,Hour12,Hour13,Hour14,Hour15,Hour16,Hour17,Hour18,Hour19,Hour20,Hour21,Hour22,Hour23
Winter,0,0,0,0,0.0,0.0,0.07858465896709528,0.37807256482893875,0.5000526621631438,0.4991646691363406,0.48661109900486677,0.4736752742064356,0.48486598387448254,0.4972742790731459,0.4546814847098134,0.22111117164233307,0.016347061814483914,0.0,0,0,0,0,0,0
Spring,0,0,0,0,0.005782968724833487,0.18325603759462614,0.4792343695225826,0.6349683079575924,0.6787769903455335,0.6827254682747971,0.6803852785962652,0.6730046803793572,0.6731373227093146,0.6743168920007202,0.6567595478791437,0.5758382521530694,0.3156532161027788,0.0414969160658285,0,0,0,0,0,0
Summer,0,0,0,0,0.02005149364737984,0.2739964186570912,0.5171215193231452,0.6015412565018429,0.6334476583891537,0.6435403185310813,0.6398547566486965,0.6322467715804337,0.621656702701166,0.6118234056865665,0.593932087127062,0.5464816621978835,0.4095770130842183,0.12491946715681171,0,0,0,0,0,0
Fall,0,0,0,0,0.0,0.05097363974436376,0.35983588695704977,0.5485926788578531,0.583949858714174,0.5768677057396698,0.5674653215636823,0.5625640787485399,0.5672349059940197,0.571141253675039,0.531047158386591,0.36566950905408163,0.08151352664425623,0.0,0,0,0,0,0,0
Summer Peak,0,0,0,0,0.0,0.0,0.0,0.0,0.0,0.0,0.0,0.0,0.0,0.0,0.0,0.0,0.26149487905861846,0.015798648943124865,0,0,0,0,0,0
Winter Peak,0,0,0,0,0.0,0.0,0.0033776421878404885,0.2217258662017869,0.378186968838527,0.4755938112878623,0.5161255175419481,0.46339071693179346,0.4555458705600349,0.3563957289169754,0.28154281978644585,0.19350621050337766,0.0,0.0,0,0,0,0,0,0
