Unit: dimensionless (ratio of electricity demand in this hour to annual demand),Hour0,Hour1,Hour2,Hour3,Hour4,Hour5,Hour6,Hour7,Hour8,Hour9,Hour10,Hour11,Hour12,Hour13,Hour14,Hour15,Hour16,Hour17,Hour18,Hour19,Hour20,Hour21,Hour22,Hour23
Winter,0,0,0,0,0.0,3.8307131255554535e-07,0.08157414217564074,0.25289704064642,0.34103779126188805,0.3401300399415687,0.328670397781251,0.3221164306947381,0.3256127864096513,0.46934165364224195,0.41330457744680427,0.1815482210168245,0.016665772833604032,0.0,0.0,0,0,0,0,0
Spring,0,0,0,0,0.0018497347814095159,0.011523034910787686,0.34517898091039073,0.44130464762102717,0.47514983084903245,0.48024143152750176,0.4786040514954437,0.46988693067275306,0.4655569756952911,0.5766846310456981,0.5494993924155877,0.4675060591888482,0.2570143688383812,0.11691478029028146,0.00011092412789651877,0,0,0,0,0
Summer,0,0,0,0,0.004427638162163747,0.02125421211891066,0.41830204806578974,0.4728753032925479,0.49474909162133074,0.4982561927641493,0.4976294547862596,0.49203211669884467,0.48573017722544426,0.5803118999937379,0.5755140983567241,0.526018286825145,0.3882786673915042,0.19445274432288315,0.005820102383303153,0,0,0,0,0
Fall,0,0,0,0,0.0,0.0,0.2945986693735365,0.4190903149022025,0.44356455266564876,0.43436858041558585,0.42254411097563366,0.41539386513176896,0.4211514897580546,0.5636030255851445,0.5345564235156047,0.3504382838204243,0.09175839026652222,0.02825860554004012,0.0,0,0,0,0,0
Summer Peak,0,0,0,0,0.0007967883301155344,0.01495510404216849,0.36946461953357235,0.4354371609818884,0.45810732125892556,0.47175998283840526,0.4706873831632497,0.4747479390763385,0.47489350617510956,0.579717140142809,0.5636587907204805,0.4905534614323802,0.29307253838374553,0.06900646624375595,0.0,0,0,0,0,0
Winter Peak,0,0,0,0,0.0,0.0,0.04014587355582115,0.25816708038368424,0.41476663295639116,0.28887407679813676,0.325227544359658,0.32033189298519815,0.32770218503876686,0.32648401826484014,0.28288284146976805,0.22028898899819194,0.03312034568355245,0.0,0.0,0,0,0,0,0
