solar pv,Hour0,Hour1,Hour2,Hour3,Hour4,Hour5,Hour6,Hour7,Hour8,Hour9,Hour10,Hour11,Hour12,Hour13,Hour14,Hour15,Hour16,Hour17,Hour18,Hour19,Hour20,Hour21,Hour22,Hour23
Winter,0,0,0,0,0.0,6.120058944594851e-05,0.05889141881835889,0.3503287418901166,0.5193277631317867,0.5359225681239,0.5213943378744565,0.5040402739567313,0.5132246204791513,0.5232381749879862,0.4853817587656669,0.2531701932162814,0.02312755178242797,0.0,0.0,0,0,0,0,0
Spring,0,0,0,0,0.005134162352278911,0.1859625975274944,0.5137837387674562,0.7166260956444699,0.7750049159774126,0.7842476662881473,0.7821168715721117,0.7712105084643013,0.7698241080145813,0.7676748776371144,0.7494122985175238,0.6712989494042179,0.4080773819600069,0.08298742831546499,4.877466331555669e-05,0,0,0,0,0
Summer,0,0,0,0,0.018344403600665266,0.3186423570625502,0.6330706334932071,0.7448451605363706,0.7826421741843359,0.7909782322251125,0.7864961312142612,0.7777722162676998,0.7699828420239421,0.7629624785238595,0.7503899792353812,0.7034471667110122,0.5642659441129763,0.22721916284943297,0.0022447602185746143,0,0,0,0,0
Fall,0,0,0,0,8.757355630427821e-07,0.0432270371714276,0.3894271986313155,0.646275403792276,0.6958644408953187,0.6877228003436734,0.6708667152041895,0.6613423611764635,0.6674815593852478,0.6769497933589754,0.6508522167786286,0.4767570085372133,0.1384482461918313,0.0022382341432101768,0.0,0,0,0,0,0
Summer Peak,0,0,0,0,0.00060542518591691,0.19485342509389023,0.5520186715386367,0.6983846618898286,0.7471035827330246,0.7649903356522463,0.7593589910920633,0.750112902039494,0.7329206074217652,0.7284511450198493,0.6856929912644675,0.6109630457057382,0.427305534895532,0.09429497270655873,0.0,0,0,0,0,0
Winter Peak,0,0,0,0,0.0,0.0,0.00626793133655154,0.2766526000293551,0.535698901453553,0.5977772412889303,0.5527175814959084,0.46171238240988355,0.45017369063123186,0.4204188234057273,0.40146812475537214,0.3366253066813596,0.034001746838480576,0.0,0.0,0,0,0,0,0
